{
    "final_cost": 2.312142466135948e-43,
    "time": 1.65e-07,
    "tours": [
        {
            "cost": 2.312142466135948e-43,
            "route": [
                0,
                7,
                6,
                0
            ],
            "vehicle": 2
        },
        {
            "cost": 2.312142466135948e-43,
            "route": [
                1,
                3,
                5,
                1
            ],
            "vehicle": 1
        },
        {
            "cost": 2.312142466135948e-43,
            "route": [
                0,
                2,
                4,
                0
            ],
            "vehicle": 0
        }
    ]
}
